wc_year,host,year,years_from_wc,elo_rating,elo_rank
1930,Uruguay,1925,-5,1972.0,4
1930,Uruguay,1926,-4,2038.0,1
1930,Uruguay,1927,-3,2018.0,1
1930,Uruguay,1928,-2,2056.0,1
1930,Uruguay,1929,-1,1963.0,3
1930,Uruguay,1930,0,2037.0,2
1930,Uruguay,1931,1,2011.0,2
1930,Uruguay,1932,2,1988.0,4
1930,Uruguay,1933,3,1975.0,5
1930,Uruguay,1934,4,1967.0,5
1930,Uruguay,1935,5,2010.0,2
1934,Italy,1929,-5,1927.0,6
1934,Italy,1930,-4,1965.0,5
1934,Italy,1931,-3,1986.0,5
1934,Italy,1932,-2,1959.0,5
1934,Italy,1933,-1,2012.0,2
1934,Italy,1934,0,2043.0,1
1934,Italy,1935,1,2037.0,1
1934,Italy,1936,2,2070.0,1
1934,Italy,1937,3,2047.0,2
1934,Italy,1938,4,2124.0,1
1934,Italy,1939,5,2080.0,1
1938,France,1933,-5,1594.0,33
1938,France,1934,-4,1624.0,29
1938,France,1935,-3,1646.0,28
1938,France,1936,-2,1631.0,30
1938,France,1937,-1,1618.0,30
1938,France,1938,0,1639.0,29
1938,France,1939,1,1682.0,26
1938,France,1940,2,1688.0,23
1938,France,1941,3,1688.0,22
1938,France,1942,4,1667.0,26
1938,France,1943,5,1667.0,26
1950,Brazil,1945,-5,1997.0,4
1950,Brazil,1946,-4,1977.0,3
1950,Brazil,1947,-3,1981.0,4
1950,Brazil,1948,-2,1953.0,5
1950,Brazil,1949,-1,1986.0,4
1950,Brazil,1950,0,2014.0,2
1950,Brazil,1951,1,2014.0,2
1950,Brazil,1952,2,2058.0,3
1950,Brazil,1953,3,1971.0,4
1950,Brazil,1954,4,2011.0,4
1950,Brazil,1955,5,2000.0,3
1954,Switzerland,1949,-5,1723.0,21
1954,Switzerland,1950,-4,1752.0,16
1954,Switzerland,1951,-3,1718.0,23
1954,Switzerland,1952,-2,1699.0,23
1954,Switzerland,1953,-1,1669.0,27
1954,Switzerland,1954,0,1721.0,20
1954,Switzerland,1955,1,1676.0,26
1954,Switzerland,1956,2,1673.0,31
1954,Switzerland,1957,3,1626.0,39
1954,Switzerland,1958,4,1595.0,45
1954,Switzerland,1959,5,1571.0,51
1958,Sweden,1953,-5,1806.0,13
1958,Sweden,1954,-4,1826.0,12
1958,Sweden,1955,-3,1791.0,15
1958,Sweden,1956,-2,1773.0,19
1958,Sweden,1957,-1,1797.0,17
1958,Sweden,1958,0,1900.0,8
1958,Sweden,1959,1,1917.0,7
1958,Sweden,1960,2,1907.0,10
1958,Sweden,1961,3,1874.0,12
1958,Sweden,1962,4,1872.0,12
1958,Sweden,1963,5,1900.0,10
1962,Chile,1957,-5,1671.0,33
1962,Chile,1958,-4,1671.0,35
1962,Chile,1959,-3,1735.0,27
1962,Chile,1960,-2,1700.0,29
1962,Chile,1961,-1,1740.0,23
1962,Chile,1962,0,1826.0,17
1962,Chile,1963,1,1814.0,16
1962,Chile,1964,2,1808.0,18
1962,Chile,1965,3,1773.0,23
1962,Chile,1966,4,1725.0,29
1962,Chile,1967,5,1760.0,22
1966,England,1961,-5,1918.0,9
1966,England,1962,-4,1927.0,8
1966,England,1963,-3,1944.0,3
1966,England,1964,-2,1915.0,7
1966,England,1965,-1,1944.0,5
1966,England,1966,0,2088.0,1
1966,England,1967,1,2073.0,1
1966,England,1968,2,2058.0,1
1966,England,1969,3,2087.0,1
1966,England,1970,4,2039.0,2
1966,England,1971,5,2042.0,3
1970,Mexico,1965,-5,1870.0,10
1970,Mexico,1966,-4,1841.0,14
1970,Mexico,1967,-3,1810.0,17
1970,Mexico,1968,-2,1849.0,14
1970,Mexico,1969,-1,1666.0,35
1970,Mexico,1970,0,1731.0,29
1970,Mexico,1971,1,1754.0,26
1970,Mexico,1972,2,1811.0,20
1970,Mexico,1973,3,1726.0,28
1970,Mexico,1974,4,1743.0,26
1970,Mexico,1975,5,1751.0,26
1974,Germany,1969,-5,2020.0,3
1974,Germany,1970,-4,2032.0,3
1974,Germany,1971,-3,2048.0,2
1974,Germany,1972,-2,2145.0,1
1974,Germany,1973,-1,2113.0,2
1974,Germany,1974,0,2128.0,1
1974,Germany,1975,1,2094.0,1
1974,Germany,1976,2,2134.0,1
1974,Germany,1977,3,2130.0,1
1974,Germany,1978,4,2039.0,3
1974,Germany,1979,5,2069.0,1
1978,Argentina,1973,-5,1892.0,9
1978,Argentina,1974,-4,1858.0,15
1978,Argentina,1975,-3,1873.0,13
1978,Argentina,1976,-2,1921.0,11
1978,Argentina,1977,-1,1906.0,12
1978,Argentina,1978,0,2039.0,3
1978,Argentina,1979,1,1974.0,7
1978,Argentina,1980,2,1999.0,5
1978,Argentina,1981,3,2006.0,3
1978,Argentina,1982,4,1941.0,7
1978,Argentina,1983,5,1916.0,6
1982,Spain,1977,-5,1953.0,7
1982,Spain,1978,-4,1964.0,7
1982,Spain,1979,-3,1897.0,12
1982,Spain,1980,-2,1848.0,16
1982,Spain,1981,-1,1878.0,15
1982,Spain,1982,0,1837.0,16
1982,Spain,1983,1,1871.0,11
1982,Spain,1984,2,1873.0,12
1982,Spain,1985,3,1864.0,13
1982,Spain,1986,4,1994.0,3
1982,Spain,1987,5,1962.0,4
1986,Mexico,1981,-5,1667.0,38
1986,Mexico,1982,-4,1667.0,39
1986,Mexico,1983,-3,1719.0,31
1986,Mexico,1984,-2,1789.0,24
1986,Mexico,1985,-1,1836.0,18
1986,Mexico,1986,0,1880.0,12
1986,Mexico,1987,1,1866.0,11
1986,Mexico,1988,2,1879.0,11
1986,Mexico,1989,3,1907.0,10
1986,Mexico,1990,4,1889.0,9
1986,Mexico,1991,5,1830.0,15
1990,Italy,1985,-5,1884.0,8
1990,Italy,1986,-4,1881.0,11
1990,Italy,1987,-3,1937.0,7
1990,Italy,1988,-2,1977.0,5
1990,Italy,1989,-1,1964.0,4
1990,Italy,1990,0,2018.0,2
1990,Italy,1991,1,1972.0,5
1990,Italy,1992,2,1980.0,4
1990,Italy,1993,3,2000.0,2
1990,Italy,1994,4,1987.0,4
1990,Italy,1995,5,1990.0,3
1994,United States,1989,-5,1611.0,46
1994,United States,1990,-4,1584.0,56
1994,United States,1991,-3,1697.0,34
1994,United States,1992,-2,1687.0,33
1994,United States,1993,-1,1620.0,53
1994,United States,1994,0,1617.0,51
1994,United States,1995,1,1709.0,32
1994,United States,1996,2,1708.0,33
1994,United States,1997,3,1720.0,34
1994,United States,1998,4,1696.0,39
1994,United States,1999,5,1806.0,20
1998,France,1993,-5,1888.0,11
1998,France,1994,-4,1910.0,8
1998,France,1995,-3,1959.0,6
1998,France,1996,-2,2017.0,4
1998,France,1997,-1,2013.0,4
1998,France,1998,0,2076.0,1
1998,France,1999,1,2039.0,2
1998,France,2000,2,2110.0,1
1998,France,2001,3,2112.0,1
1998,France,2002,4,1974.0,5
1998,France,2003,5,2051.0,1
2002,South Korea,1997,-5,1761.0,24
2002,South Korea,1998,-4,1714.0,33
2002,South Korea,1999,-3,1720.0,35
2002,South Korea,2000,-2,1765.0,25
2002,South Korea,2001,-1,1807.0,23
2002,South Korea,2002,0,1769.0,29
2002,South Korea,2003,1,1695.0,40
2002,South Korea,2004,2,1713.0,34
2002,South Korea,2005,3,1688.0,44
2002,South Korea,2006,4,1668.0,46
2002,South Korea,2007,5,1660.0,47
2002,Japan,1997,-5,1758.0,25
2002,Japan,1998,-4,1641.0,51
2002,Japan,1999,-3,1606.0,55
2002,Japan,2000,-2,1797.0,21
2002,Japan,2001,-1,1860.0,13
2002,Japan,2002,0,1806.0,20
2002,Japan,2003,1,1778.0,26
2002,Japan,2004,2,1846.0,16
2002,Japan,2005,3,1812.0,21
2002,Japan,2006,4,1729.0,40
2002,Japan,2007,5,1781.0,25
2006,Germany,2001,-5,1869.0,11
2006,Germany,2002,-4,1937.0,7
2006,Germany,2003,-3,1881.0,11
2006,Germany,2004,-2,1883.0,12
2006,Germany,2005,-1,1893.0,11
2006,Germany,2006,0,1977.0,6
2006,Germany,2007,1,1944.0,8
2006,Germany,2008,2,1966.0,7
2006,Germany,2009,3,1962.0,5
2006,Germany,2010,4,2067.0,4
2006,Germany,2011,5,2082.0,2
2010,South Africa,2005,-5,1519.0,78
2010,South Africa,2006,-4,1477.0,91
2010,South Africa,2007,-3,1485.0,87
2010,South Africa,2008,-2,1534.0,76
2010,South Africa,2009,-1,1521.0,84
2010,South Africa,2010,0,1608.0,58
2010,South Africa,2011,1,1600.0,59
2010,South Africa,2012,2,1567.0,69
2010,South Africa,2013,3,1576.0,65
2010,South Africa,2014,4,1630.0,55
2010,South Africa,2015,5,1583.0,64
2014,Brazil,2009,-5,2103.0,1
2014,Brazil,2010,-4,2095.0,3
2014,Brazil,2011,-3,2064.0,4
2014,Brazil,2012,-2,2060.0,2
2014,Brazil,2013,-1,2132.0,1
2014,Brazil,2014,0,2042.0,3
2014,Brazil,2015,1,2038.0,2
2014,Brazil,2016,2,2087.0,1
2014,Brazil,2017,3,2113.0,1
2014,Brazil,2018,4,2136.0,1
2014,Brazil,2019,5,2082.0,2
2018,Russia,2013,-5,1845.0,15
2018,Russia,2014,-4,1779.0,24
2018,Russia,2015,-3,1774.0,24
2018,Russia,2016,-2,1691.0,39
2018,Russia,2017,-1,1698.0,44
2018,Russia,2018,0,1753.0,30
2018,Russia,2019,1,1794.0,22
2018,Russia,2020,2,1743.0,38
2018,Russia,2021,3,1761.0,32
2018,Russia,2022,4,1753.0,32
2018,Russia,2023,5,1756.0,32
2022,Qatar,2017,-5,1464.0,91
2022,Qatar,2018,-4,1528.0,75
2022,Qatar,2019,-3,1669.0,46
2022,Qatar,2020,-2,1639.0,47
2022,Qatar,2021,-1,1663.0,49
2022,Qatar,2022,0,1578.0,65
2022,Qatar,2023,1,1535.0,70
